{"$schema":"http://schema.management.azure.com/schemas/2015-01-01/deploymentTemplate.json#","contentVersion":"1.0.0.0","parameters":{"factoryName":{"type":"string","metadata":"Data Factory name"},"ls_adls_adfcdc":{"type":"string"}},"variables":{"factoryId":"[concat('Microsoft.DataFactory/factories/', parameters('factoryName'))]"},"resources":[{"name":"[concat(parameters('factoryName'), '/pl_copy_files_to_time_structure')]","type":"Microsoft.DataFactory/factories/pipelines","apiVersion":"2018-06-01","properties":{"activities":[{"name":"Get file names","type":"GetMetadata","dependsOn":[],"policy":{"timeout":"0.12:00:00","retry":0,"retryIntervalInSeconds":30,"secureOutput":false,"secureInput":false},"userProperties":[],"typeProperties":{"dataset":{"referenceName":"ds_blob_source_folder","type":"DatasetReference","parameters":{"p_container":{"value":"@pipeline().parameters.p_source_container","type":"Expression"}}},"fieldList":["childItems"],"storeSettings":{"type":"AzureBlobFSReadSettings","enablePartitionDiscovery":false},"formatSettings":{"type":"BinaryReadSettings"}}},{"name":"ForEach file","type":"ForEach","dependsOn":[{"activity":"Get file names","dependencyConditions":["Succeeded"]}],"userProperties":[],"typeProperties":{"items":{"value":"@activity('Get file names').output.childItems","type":"Expression"},"activities":[{"name":"Copy file","type":"Copy","dependsOn":[],"policy":{"timeout":"0.12:00:00","retry":0,"retryIntervalInSeconds":30,"secureOutput":false,"secureInput":false},"userProperties":[],"typeProperties":{"source":{"type":"BinarySource","storeSettings":{"type":"AzureBlobFSReadSettings","recursive":false,"deleteFilesAfterCompletion":false},"formatSettings":{"type":"BinaryReadSettings"}},"sink":{"type":"BinarySink","storeSettings":{"type":"AzureBlobFSWriteSettings"}},"enableStaging":false},"inputs":[{"referenceName":"ds_source_file","type":"DatasetReference","parameters":{"p_file_name":{"value":"@item().name","type":"Expression"},"p_container":{"value":"@pipeline().parameters.p_source_container","type":"Expression"}}}],"outputs":[{"referenceName":"ds_destination_time_structure","type":"DatasetReference","parameters":{"p_folder":{"value":"@concat(\n   formatDateTime(item().name ,'yyyy'),\n   '/',\n   formatDateTime(item().name ,'MM'),\n   '/',\n   formatDateTime(item().name ,'dd')\n)","type":"Expression"},"p_container":{"value":"@pipeline().parameters.p_destination_container","type":"Expression"}}}]}]}}],"policy":{"elapsedTimeMetric":{},"cancelAfter":{}},"parameters":{"p_source_container":{"type":"string"},"p_destination_container":{"type":"string"}},"annotations":[]},"dependsOn":["[concat(variables('factoryId'), '/datasets/ds_blob_source_folder')]","[concat(variables('factoryId'), '/datasets/ds_source_file')]","[concat(variables('factoryId'), '/datasets/ds_destination_time_structure')]"]},{"name":"[concat(parameters('factoryName'), '/ds_blob_source_folder')]","type":"Microsoft.DataFactory/factories/datasets","apiVersion":"2018-06-01","properties":{"linkedServiceName":{"referenceName":"[parameters('ls_adls_adfcdc')]","type":"LinkedServiceReference"},"parameters":{"p_container":{"type":"String"}},"annotations":[],"type":"Binary","typeProperties":{"location":{"type":"AzureBlobFSLocation","fileSystem":{"value":"@dataset().p_container","type":"Expression"}}}},"dependsOn":[]},{"name":"[concat(parameters('factoryName'), '/ds_source_file')]","type":"Microsoft.DataFactory/factories/datasets","apiVersion":"2018-06-01","properties":{"linkedServiceName":{"referenceName":"[parameters('ls_adls_adfcdc')]","type":"LinkedServiceReference"},"parameters":{"p_file_name":{"type":"String"},"p_container":{"type":"String"}},"annotations":[],"type":"Binary","typeProperties":{"location":{"type":"AzureBlobFSLocation","fileName":{"value":"@dataset().p_file_name","type":"Expression"},"fileSystem":{"value":"@dataset().p_container","type":"Expression"}}}},"dependsOn":[]},{"name":"[concat(parameters('factoryName'), '/ds_destination_time_structure')]","type":"Microsoft.DataFactory/factories/datasets","apiVersion":"2018-06-01","properties":{"linkedServiceName":{"referenceName":"[parameters('ls_adls_adfcdc')]","type":"LinkedServiceReference"},"parameters":{"p_folder":{"type":"String"},"p_container":{"type":"String"}},"annotations":[],"type":"Binary","typeProperties":{"location":{"type":"AzureBlobFSLocation","folderPath":{"value":"@dataset().p_folder","type":"Expression"},"fileSystem":{"value":"@dataset().p_container","type":"Expression"}}}},"dependsOn":[]}]}